<?xml version="1.0" encoding="UTF-8"?>
<project-private xmlns="http://www.netbeans.org/ns/project-private/1">
    <editor-bookmarks xmlns="http://www.netbeans.org/ns/editor-bookmarks/2" lastBookmarkId="0"/>
    <open-files xmlns="http://www.netbeans.org/ns/projectui-open-files/2">
        <group>
            <file>file:/C:/Users/manri/OneDrive/Documentos/NetBeansProjects/Actividad_2/src/actividad_2/Actividad_2.java</file>
            <file>file:/C:/Users/manri/OneDrive/Documentos/NetBeansProjects/Actividad_2/src/actividad_2/Retiro_Frame.java</file>
            <file>file:/C:/Users/manri/OneDrive/Documentos/NetBeansProjects/Actividad_2/src/actividad_2/Saldo_Frame.java</file>
            <file>file:/C:/Users/manri/OneDrive/Documentos/NetBeansProjects/Actividad_2/src/actividad_2/Menu_Principal_Frame.java</file>
            <file>file:/C:/Users/manri/OneDrive/Documentos/NetBeansProjects/Actividad_2/src/actividad_2/Deposito_Opcion_Frame.java</file>
            <file>file:/C:/Users/manri/OneDrive/Documentos/NetBeansProjects/Actividad_2/src/actividad_2/Deposito_Frame.java</file>
        </group>
    </open-files>
</project-private>
